flight_id,aircraft_id,departure,arrival,status,delay_minutes,fuel_used
FL546459,AC033,SIN,LHR,DELAYED,122,4053
FL304038,AC018,LHR,SIN,COMPLETED,105,5397
FL673141,AC029,DEL,LHR,CANCELLED,21,12996
FL146828,AC013,DXB,DEL,CANCELLED,139,7399
FL796864,AC023,DXB,DEL,COMPLETED,149,12409
FL333756,AC032,NRT,DXB,CANCELLED,121,12632
FL404800,AC009,FRA,NRT,CANCELLED,21,9844
FL632364,AC011,DXB,FRA,COMPLETED,105,9396
FL114818,AC010,FRA,DXB,COMPLETED,27,9379
FL906914,AC005,DEL,SIN,COMPLETED,6,3419
FL572006,AC033,LHR,SIN,COMPLETED,83,17974
FL944039,AC008,LHR,FRA,CANCELLED,43,5521
FL753622,AC038,FRA,DXB,COMPLETED,86,10517
FL673942,AC039,DXB,NRT,COMPLETED,102,3559
FL779719,AC013,NRT,DXB,COMPLETED,139,16745
FL607343,AC004,LHR,NRT,DELAYED,173,17382
FL329348,AC002,DXB,NRT,CANCELLED,132,17657
FL508914,AC009,DXB,NRT,DELAYED,69,9969
FL419720,AC035,LHR,DEL,COMPLETED,47,8637
FL918149,AC012,SIN,LHR,COMPLETED,106,7713
FL605468,AC030,DXB,SIN,CANCELLED,113,4967
FL989056,AC034,FRA,SIN,COMPLETED,54,6790
FL527821,AC001,DEL,LHR,COMPLETED,139,15833
FL468785,AC012,DEL,SIN,DELAYED,143,14258
FL750939,AC037,FRA,DXB,COMPLETED,71,12106
FL409015,AC037,NRT,DXB,CANCELLED,144,7392
FL201114,AC036,DXB,DEL,COMPLETED,111,5806
FL857447,AC007,NRT,DEL,COMPLETED,47,13583
FL716676,AC007,FRA,SIN,COMPLETED,16,7768
FL165933,AC021,DXB,SIN,COMPLETED,3,9744
FL201135,AC017,LHR,DEL,COMPLETED,60,3376
FL704484,AC020,DEL,NRT,CANCELLED,89,8160
FL139857,AC030,FRA,NRT,CANCELLED,103,8178
FL546823,AC039,DXB,FRA,COMPLETED,173,17391
FL814503,AC008,NRT,SIN,CANCELLED,64,9374
FL124812,AC019,SIN,DEL,COMPLETED,72,14391
FL411366,AC022,SIN,NRT,COMPLETED,106,8224
FL307039,AC038,DEL,FRA,COMPLETED,143,3919
FL224028,AC008,DXB,FRA,COMPLETED,9,5059
FL130192,AC034,SIN,FRA,COMPLETED,108,12472
FL495504,AC009,SIN,LHR,COMPLETED,61,15723
FL292379,AC027,NRT,DXB,DELAYED,138,3465
FL367359,AC035,NRT,FRA,COMPLETED,37,6739
FL602103,AC002,DEL,SIN,CANCELLED,106,7322
FL193791,AC021,DXB,NRT,CANCELLED,45,12060
FL457263,AC003,NRT,FRA,COMPLETED,162,11527
FL758356,AC021,DEL,NRT,COMPLETED,62,10709
FL258174,AC004,DXB,NRT,CANCELLED,102,14587
FL460382,AC024,DXB,FRA,COMPLETED,51,9139
FL675453,AC023,LHR,NRT,COMPLETED,121,17696
FL758523,AC038,SIN,DXB,DELAYED,105,5519
FL836465,AC032,DEL,SIN,CANCELLED,104,16031
FL413562,AC003,NRT,DXB,COMPLETED,95,11957
FL119243,AC017,DXB,NRT,COMPLETED,136,6557
FL512379,AC038,SIN,FRA,COMPLETED,97,11830
FL210018,AC034,NRT,DXB,CANCELLED,21,5324
FL425498,AC025,SIN,FRA,COMPLETED,10,15080
FL407141,AC038,NRT,DXB,DELAYED,75,11866
FL297863,AC019,SIN,DXB,COMPLETED,161,3154
FL472934,AC039,NRT,LHR,COMPLETED,137,5799
FL665283,AC034,DEL,DXB,COMPLETED,37,5685
FL982809,AC002,DEL,FRA,COMPLETED,95,4042
FL261717,AC024,SIN,DXB,CANCELLED,153,12994
FL608103,AC016,DXB,DEL,COMPLETED,27,17319
FL416140,AC005,LHR,SIN,CANCELLED,165,4925
FL644154,AC023,LHR,DEL,CANCELLED,63,16576
FL461883,AC023,NRT,LHR,CANCELLED,21,4131
FL889884,AC006,LHR,SIN,COMPLETED,169,6703
FL688855,AC011,SIN,LHR,CANCELLED,84,8287
FL306030,AC032,LHR,SIN,DELAYED,118,6607
FL500165,AC023,SIN,LHR,CANCELLED,54,5529
FL552246,AC029,NRT,FRA,DELAYED,68,8389
FL252423,AC008,SIN,LHR,COMPLETED,139,13270
FL688565,AC018,DXB,SIN,DELAYED,31,7389
FL518854,AC019,FRA,LHR,COMPLETED,5,12006
FL199621,AC022,NRT,LHR,COMPLETED,173,15569
FL320109,AC032,NRT,FRA,CANCELLED,108,8769
FL111026,AC022,DEL,LHR,DELAYED,68,12157
FL775667,AC017,DXB,SIN,CANCELLED,156,9793
FL139316,AC031,LHR,SIN,COMPLETED,56,13424
FL118652,AC008,NRT,SIN,COMPLETED,53,15955
FL760780,AC030,FRA,SIN,CANCELLED,94,4294
FL906290,AC036,NRT,DXB,CANCELLED,2,4566
FL316395,AC010,SIN,DXB,COMPLETED,155,14028
FL695198,AC011,NRT,SIN,COMPLETED,106,14662
FL239725,AC034,NRT,FRA,CANCELLED,27,3463
FL676960,AC018,LHR,DEL,DELAYED,131,6790
FL464288,AC031,NRT,SIN,COMPLETED,81,12938
FL979714,AC031,SIN,LHR,COMPLETED,64,3601
FL948246,AC032,DXB,DEL,COMPLETED,93,7159
FL637178,AC030,DXB,SIN,COMPLETED,102,7981
FL167690,AC014,FRA,DEL,COMPLETED,165,13832
FL606039,AC033,NRT,FRA,COMPLETED,157,4486
FL433379,AC033,FRA,SIN,COMPLETED,169,8564
FL936689,AC024,DXB,DEL,CANCELLED,44,15440
FL738955,AC017,FRA,LHR,COMPLETED,54,3473
FL997040,AC030,DXB,LHR,CANCELLED,134,5072
FL243351,AC033,DXB,SIN,COMPLETED,143,14116
FL658579,AC021,SIN,NRT,COMPLETED,157,14897
FL839055,AC035,DXB,FRA,CANCELLED,39,14939
FL164044,AC010,DXB,NRT,CANCELLED,170,17179
FL380555,AC003,SIN,DXB,DELAYED,138,14353
FL295634,AC023,DXB,LHR,DELAYED,177,3878
FL772373,AC012,NRT,DXB,COMPLETED,159,11023
FL639573,AC035,DEL,SIN,DELAYED,93,17549
FL262548,AC035,DEL,LHR,COMPLETED,83,5386
FL160994,AC033,DEL,LHR,COMPLETED,24,8783
FL893517,AC038,NRT,SIN,COMPLETED,7,5683
FL795624,AC033,DXB,DEL,COMPLETED,110,6267
FL323046,AC011,DXB,NRT,COMPLETED,95,5597
FL581701,AC035,LHR,NRT,COMPLETED,92,14551
FL686171,AC014,SIN,NRT,COMPLETED,155,10893
FL221480,AC006,DXB,NRT,DELAYED,20,8798
FL280482,AC040,NRT,DXB,COMPLETED,52,13503
FL673469,AC028,DXB,LHR,COMPLETED,37,13619
FL517649,AC018,SIN,NRT,COMPLETED,2,10808
FL611884,AC034,LHR,SIN,COMPLETED,35,4760
FL578168,AC010,FRA,DXB,COMPLETED,96,12970
FL442099,AC038,DEL,NRT,CANCELLED,65,14174
FL966074,AC006,LHR,SIN,CANCELLED,134,16450
FL139038,AC034,DEL,SIN,COMPLETED,20,12669
FL691793,AC003,DEL,FRA,COMPLETED,27,9328
FL667051,AC037,LHR,FRA,COMPLETED,5,5508
FL510871,AC021,DXB,DEL,COMPLETED,23,5755
FL885310,AC035,SIN,DEL,COMPLETED,18,15330
FL852077,AC039,FRA,DEL,COMPLETED,39,8030
FL823994,AC031,DXB,SIN,COMPLETED,62,9554
FL143289,AC016,FRA,SIN,COMPLETED,125,7083
FL906132,AC039,DXB,LHR,DELAYED,29,12639
FL655655,AC031,FRA,LHR,COMPLETED,4,11174
FL655260,AC014,LHR,NRT,COMPLETED,119,15854
FL429123,AC009,SIN,DXB,CANCELLED,68,15566
FL470639,AC028,NRT,FRA,COMPLETED,154,17246
FL690085,AC034,DXB,FRA,COMPLETED,94,16202
FL278323,AC014,FRA,DEL,CANCELLED,117,9642
FL106051,AC008,DEL,LHR,COMPLETED,62,6221
FL379329,AC004,SIN,DXB,CANCELLED,95,4385
FL840970,AC017,DXB,DEL,DELAYED,161,16157
FL799415,AC036,DEL,LHR,CANCELLED,9,8827
FL299232,AC030,FRA,NRT,COMPLETED,166,13669
FL276519,AC031,DEL,SIN,COMPLETED,166,4073
FL747754,AC018,DXB,DEL,COMPLETED,165,3714
FL275737,AC031,SIN,DEL,CANCELLED,140,13415
FL960055,AC034,FRA,DXB,COMPLETED,13,11874
FL586563,AC023,DXB,FRA,COMPLETED,22,6969
FL682884,AC003,DEL,LHR,COMPLETED,22,10227
FL629371,AC040,DXB,FRA,DELAYED,86,9550
FL196904,AC018,NRT,DXB,COMPLETED,4,8641
FL641923,AC005,NRT,DXB,CANCELLED,62,16480
FL284241,AC031,NRT,DXB,COMPLETED,126,12013
FL193941,AC008,DXB,DEL,COMPLETED,178,11159
FL637197,AC027,NRT,FRA,COMPLETED,91,4363
FL349554,AC038,DEL,NRT,COMPLETED,29,9180
FL813190,AC016,SIN,FRA,CANCELLED,145,5943
FL129939,AC020,NRT,FRA,COMPLETED,87,15062
FL201801,AC012,NRT,LHR,CANCELLED,62,13886
FL794301,AC031,DXB,FRA,CANCELLED,122,4853
FL653079,AC005,DXB,DEL,CANCELLED,79,5418
FL738077,AC027,SIN,DEL,COMPLETED,75,5466
FL715788,AC025,NRT,DEL,COMPLETED,31,4576
FL986861,AC015,SIN,LHR,COMPLETED,98,7484
FL363102,AC029,LHR,NRT,COMPLETED,114,15118
FL957811,AC040,LHR,SIN,COMPLETED,43,4665
FL323688,AC040,FRA,DEL,DELAYED,178,7824
FL273935,AC026,DXB,NRT,COMPLETED,25,6765
FL775848,AC025,DXB,FRA,COMPLETED,137,9465
FL664368,AC014,FRA,SIN,CANCELLED,96,14364
FL284158,AC017,SIN,LHR,DELAYED,130,7948
FL414886,AC003,NRT,FRA,DELAYED,43,16889
FL566436,AC028,NRT,FRA,DELAYED,96,13426
FL422046,AC032,NRT,DEL,CANCELLED,9,16101
FL412419,AC039,FRA,SIN,CANCELLED,105,6699
FL630606,AC035,FRA,SIN,CANCELLED,89,16626
FL114155,AC023,LHR,FRA,DELAYED,107,11612
FL995631,AC028,LHR,FRA,COMPLETED,62,12162
FL212187,AC038,LHR,SIN,COMPLETED,60,6527
FL595853,AC012,LHR,FRA,COMPLETED,40,10134
FL671838,AC033,DXB,SIN,COMPLETED,21,4662
FL579581,AC008,DXB,LHR,COMPLETED,153,8685
FL346421,AC034,NRT,DEL,COMPLETED,82,8088
FL583319,AC001,DEL,SIN,DELAYED,160,9780
FL936515,AC007,NRT,DEL,DELAYED,141,17087
FL230667,AC032,SIN,FRA,DELAYED,22,8675
FL996341,AC016,DXB,LHR,COMPLETED,25,12023
FL819063,AC028,DXB,DEL,COMPLETED,118,9931
FL598675,AC005,LHR,DEL,COMPLETED,89,15241
FL548947,AC007,DEL,LHR,DELAYED,163,4125
FL360123,AC017,NRT,FRA,CANCELLED,108,4785
FL731775,AC023,DXB,DEL,DELAYED,155,15963
FL828615,AC020,SIN,LHR,COMPLETED,57,8978
FL705937,AC005,LHR,NRT,COMPLETED,158,7328
FL425871,AC021,LHR,FRA,CANCELLED,59,15151
FL539416,AC039,FRA,DXB,CANCELLED,64,3557
FL582440,AC036,FRA,SIN,CANCELLED,74,9773
FL563230,AC017,DXB,NRT,CANCELLED,41,8862
FL358781,AC034,SIN,DEL,CANCELLED,0,6245
FL863368,AC039,FRA,SIN,COMPLETED,163,5011
FL742010,AC022,LHR,NRT,COMPLETED,118,12973
FL963710,AC025,NRT,DEL,COMPLETED,110,15380
FL495742,AC029,FRA,SIN,CANCELLED,91,3236
FL930833,AC023,LHR,NRT,COMPLETED,64,15817
FL588612,AC031,DEL,SIN,COMPLETED,11,12882
FL671152,AC002,NRT,SIN,CANCELLED,13,4903
FL414606,AC022,LHR,SIN,COMPLETED,65,3036
FL339996,AC014,DXB,DEL,COMPLETED,45,3814
FL808672,AC024,FRA,LHR,COMPLETED,156,11790
FL403129,AC034,NRT,FRA,COMPLETED,32,4771
FL209992,AC027,DXB,DEL,COMPLETED,18,12654
FL974474,AC025,DEL,DXB,COMPLETED,143,15054
FL683790,AC002,SIN,LHR,COMPLETED,173,16674
FL426768,AC029,DXB,DEL,COMPLETED,38,7382
FL850644,AC035,DXB,FRA,COMPLETED,12,4122
FL562517,AC030,FRA,LHR,COMPLETED,162,13419
FL934937,AC010,DEL,SIN,COMPLETED,32,10041
FL649310,AC013,SIN,NRT,COMPLETED,159,5469
FL132546,AC014,SIN,DXB,COMPLETED,26,6167
FL509902,AC030,LHR,DEL,COMPLETED,19,17048
FL389878,AC001,SIN,FRA,COMPLETED,141,6585
FL665244,AC013,SIN,DEL,COMPLETED,143,4822
FL586521,AC035,DEL,NRT,DELAYED,142,8697
FL816306,AC009,DXB,FRA,COMPLETED,30,9395
FL480789,AC017,FRA,NRT,COMPLETED,48,6074
FL770787,AC012,SIN,LHR,COMPLETED,152,5216
FL682379,AC040,SIN,FRA,COMPLETED,88,16885
FL765994,AC015,NRT,SIN,COMPLETED,8,8003
FL928272,AC010,SIN,LHR,COMPLETED,26,6405
FL175331,AC020,DEL,SIN,COMPLETED,122,8180
FL171240,AC019,SIN,DXB,COMPLETED,74,15392
FL666466,AC028,DEL,DXB,DELAYED,2,3492
FL198335,AC021,DXB,DEL,COMPLETED,64,11174
FL666872,AC034,LHR,NRT,COMPLETED,157,6586
FL851956,AC003,SIN,NRT,CANCELLED,126,14226
FL755733,AC032,NRT,LHR,COMPLETED,166,8607
FL681789,AC024,DXB,FRA,COMPLETED,162,11598
FL767390,AC023,LHR,FRA,COMPLETED,165,17531
FL774149,AC002,LHR,NRT,COMPLETED,153,3647
FL523034,AC031,DXB,NRT,COMPLETED,30,14694
FL354754,AC023,DEL,SIN,COMPLETED,108,6695
FL818241,AC014,SIN,DXB,COMPLETED,2,4986
FL468174,AC003,NRT,FRA,COMPLETED,44,9451
FL416202,AC009,DXB,NRT,CANCELLED,45,8042
FL683216,AC028,SIN,LHR,COMPLETED,110,6292
FL737460,AC006,LHR,SIN,DELAYED,139,15098
FL374508,AC039,FRA,NRT,COMPLETED,81,14701
FL193185,AC016,NRT,SIN,CANCELLED,49,15118
FL284350,AC018,DXB,DEL,COMPLETED,56,14825
FL589170,AC015,SIN,FRA,COMPLETED,116,3703
FL761440,AC018,NRT,SIN,COMPLETED,11,7520
FL897780,AC030,SIN,NRT,COMPLETED,99,17561
FL539272,AC034,FRA,LHR,COMPLETED,23,4960
FL646912,AC018,DEL,NRT,COMPLETED,33,7049
FL378144,AC021,FRA,SIN,DELAYED,157,14032
FL278482,AC018,DEL,NRT,COMPLETED,144,7485
FL887090,AC031,SIN,LHR,CANCELLED,19,15562
FL516959,AC036,DXB,SIN,COMPLETED,2,5938
FL523491,AC026,DEL,FRA,COMPLETED,143,14308
FL172888,AC001,NRT,FRA,COMPLETED,14,17481
FL765551,AC002,NRT,DEL,COMPLETED,33,3305
FL722178,AC002,LHR,DEL,COMPLETED,27,10269
FL616686,AC004,DXB,FRA,DELAYED,51,6585
FL309112,AC003,SIN,LHR,COMPLETED,9,8108
FL827576,AC034,FRA,LHR,COMPLETED,135,14377
FL995013,AC007,LHR,NRT,COMPLETED,19,17714
FL472742,AC007,SIN,LHR,DELAYED,21,4313
FL636567,AC001,DXB,DEL,DELAYED,61,3637
FL103613,AC004,SIN,DEL,DELAYED,1,8068
FL190647,AC011,LHR,DXB,COMPLETED,110,11069
FL356704,AC007,SIN,DXB,CANCELLED,11,4338
FL838649,AC009,LHR,DEL,CANCELLED,23,15818
FL121352,AC010,FRA,LHR,COMPLETED,86,15890
FL712969,AC032,FRA,NRT,DELAYED,158,5777
FL306196,AC014,FRA,DEL,DELAYED,125,4006
FL637082,AC009,LHR,NRT,COMPLETED,107,5015
FL952141,AC024,FRA,DEL,DELAYED,149,17091
FL612706,AC039,FRA,DEL,COMPLETED,5,13898
FL372404,AC026,LHR,SIN,COMPLETED,139,17812
FL340975,AC021,DEL,LHR,COMPLETED,84,4579
FL953050,AC026,LHR,FRA,DELAYED,81,12531
FL860077,AC030,DXB,SIN,CANCELLED,23,5263
FL494327,AC018,DEL,LHR,DELAYED,67,6673
FL951244,AC027,LHR,DXB,CANCELLED,43,12380
FL115554,AC002,NRT,FRA,DELAYED,135,14972
FL762007,AC009,NRT,SIN,DELAYED,39,3442
FL646896,AC019,DXB,LHR,DELAYED,57,10652
FL146324,AC002,NRT,FRA,COMPLETED,97,3986
FL571577,AC008,FRA,NRT,CANCELLED,2,7892
FL662002,AC008,SIN,DEL,COMPLETED,13,16442
FL459577,AC007,DXB,NRT,DELAYED,45,9293
FL864833,AC038,SIN,NRT,COMPLETED,49,13572
FL515149,AC031,FRA,DXB,COMPLETED,177,3538
FL522378,AC033,DXB,DEL,CANCELLED,160,4789
FL462251,AC012,DEL,DXB,CANCELLED,102,3997
FL323631,AC030,DEL,DXB,DELAYED,139,9628
FL314538,AC038,LHR,FRA,COMPLETED,66,6628
FL433977,AC009,LHR,SIN,COMPLETED,82,3557
FL224967,AC005,DXB,NRT,COMPLETED,13,14969
FL174494,AC004,LHR,DXB,COMPLETED,121,4189
FL346891,AC008,DXB,SIN,DELAYED,161,8995
FL484997,AC005,LHR,SIN,CANCELLED,9,12740
FL116707,AC036,NRT,LHR,CANCELLED,26,8321
FL179945,AC017,DXB,DEL,COMPLETED,10,6185
FL264092,AC002,DXB,SIN,COMPLETED,27,8807
FL188229,AC011,DEL,SIN,COMPLETED,69,11712
FL961016,AC009,FRA,NRT,COMPLETED,29,16233
FL694962,AC033,DXB,SIN,COMPLETED,4,17106
FL873207,AC034,DXB,FRA,COMPLETED,162,4078
FL854881,AC015,SIN,DXB,COMPLETED,33,6027
FL796998,AC012,DXB,NRT,CANCELLED,177,9185
FL609111,AC014,LHR,FRA,COMPLETED,101,3755
FL419737,AC019,NRT,DEL,COMPLETED,43,7688
FL400811,AC025,FRA,NRT,COMPLETED,173,5495
FL382015,AC017,DXB,LHR,COMPLETED,18,13405
FL425504,AC011,FRA,NRT,COMPLETED,65,14992
FL970418,AC029,LHR,DEL,COMPLETED,119,4445
FL859488,AC015,FRA,DXB,COMPLETED,13,13841
FL702423,AC024,SIN,DEL,COMPLETED,100,8972
FL150416,AC030,DEL,FRA,COMPLETED,86,9998
FL313206,AC017,NRT,DXB,DELAYED,130,10628
FL985211,AC039,DXB,LHR,CANCELLED,123,10612
FL520771,AC007,DEL,FRA,CANCELLED,72,7171
FL945840,AC019,LHR,FRA,COMPLETED,11,17378
FL428600,AC016,LHR,DXB,COMPLETED,106,11837
FL810848,AC016,DXB,LHR,COMPLETED,1,10821
FL500370,AC022,LHR,FRA,CANCELLED,90,4307
FL160945,AC027,NRT,SIN,CANCELLED,127,12211
FL700462,AC034,DXB,DEL,DELAYED,110,5800
FL562964,AC012,DEL,FRA,CANCELLED,104,12398
FL621970,AC022,DXB,NRT,CANCELLED,22,4841
FL727593,AC001,DEL,FRA,CANCELLED,127,9678
FL951697,AC002,DEL,DXB,CANCELLED,32,5738
FL758990,AC001,LHR,DEL,COMPLETED,108,13102
FL295347,AC010,FRA,SIN,COMPLETED,127,11461
FL869957,AC010,DEL,NRT,COMPLETED,39,7530
FL913926,AC018,DXB,DEL,COMPLETED,112,7475
FL273651,AC028,LHR,SIN,DELAYED,160,6402
FL560803,AC008,LHR,NRT,COMPLETED,114,12767
FL832718,AC011,DEL,SIN,COMPLETED,95,16670
FL789648,AC014,SIN,LHR,CANCELLED,100,10196
FL166174,AC009,NRT,SIN,DELAYED,136,12693
FL276483,AC037,DEL,DXB,DELAYED,18,5084
FL536947,AC028,NRT,LHR,CANCELLED,151,5574
FL651819,AC011,LHR,DEL,DELAYED,48,15611
FL879510,AC008,DXB,FRA,COMPLETED,125,4487
FL769300,AC024,NRT,DEL,DELAYED,158,9127
FL614772,AC010,FRA,DXB,COMPLETED,75,5803
FL696674,AC022,LHR,SIN,COMPLETED,128,6103
FL327709,AC031,DEL,LHR,COMPLETED,75,8345
FL854285,AC010,LHR,DEL,COMPLETED,66,8153
FL741626,AC001,DEL,SIN,COMPLETED,73,9730
FL979614,AC003,FRA,LHR,COMPLETED,162,11735
FL129319,AC019,SIN,NRT,COMPLETED,117,13345
FL220842,AC018,NRT,FRA,COMPLETED,72,11901
FL167088,AC008,DEL,DXB,DELAYED,95,10020
FL681146,AC003,SIN,NRT,COMPLETED,50,17683
FL738688,AC030,FRA,NRT,COMPLETED,84,16579
FL173799,AC040,LHR,DEL,COMPLETED,15,4879
FL375769,AC037,NRT,SIN,COMPLETED,79,9207
FL611771,AC005,SIN,DEL,COMPLETED,89,15163
FL894209,AC016,FRA,NRT,DELAYED,17,3813
FL995092,AC011,SIN,FRA,COMPLETED,160,12999
FL772371,AC011,NRT,DEL,CANCELLED,129,13223
FL447262,AC004,SIN,FRA,CANCELLED,63,17436
FL609261,AC005,SIN,DXB,DELAYED,160,6772
FL894249,AC014,NRT,LHR,CANCELLED,113,12276
FL442328,AC021,DEL,LHR,CANCELLED,73,5312
FL853707,AC018,LHR,SIN,COMPLETED,130,3189
FL625807,AC022,FRA,SIN,CANCELLED,11,15004
FL558585,AC025,SIN,FRA,COMPLETED,35,15371
FL438843,AC021,DXB,FRA,COMPLETED,111,4242
FL374415,AC034,LHR,NRT,DELAYED,7,13567
FL489258,AC023,LHR,DEL,DELAYED,126,15975
FL834820,AC024,DEL,LHR,CANCELLED,73,5583
FL667026,AC027,NRT,LHR,CANCELLED,168,4976
FL178096,AC020,NRT,DXB,DELAYED,119,13027
FL615750,AC006,SIN,DXB,COMPLETED,70,10540
FL644429,AC029,LHR,DXB,CANCELLED,164,9622
FL423294,AC037,DEL,FRA,COMPLETED,178,7450
FL967377,AC005,FRA,LHR,COMPLETED,59,13670
FL765413,AC017,DEL,LHR,CANCELLED,80,9934
FL960211,AC015,DEL,SIN,DELAYED,149,14237
FL896659,AC024,SIN,NRT,COMPLETED,28,11374
FL500860,AC004,NRT,LHR,COMPLETED,112,11707
FL831189,AC008,LHR,DXB,COMPLETED,99,9546
FL113340,AC019,DEL,DXB,DELAYED,47,11192
FL801590,AC018,FRA,SIN,DELAYED,85,16465
FL755650,AC036,DEL,DXB,COMPLETED,119,15504
FL166673,AC040,NRT,LHR,CANCELLED,124,9206
FL365981,AC034,FRA,LHR,CANCELLED,146,12419
FL613757,AC038,LHR,NRT,COMPLETED,152,10510
FL614081,AC035,NRT,SIN,COMPLETED,86,9739
FL476899,AC028,DEL,NRT,COMPLETED,74,13504
FL612032,AC034,DXB,NRT,COMPLETED,15,11858
FL455353,AC035,NRT,LHR,CANCELLED,48,4140
FL643853,AC026,DXB,SIN,COMPLETED,116,4106
FL308948,AC032,LHR,SIN,CANCELLED,104,13377
FL113709,AC018,DEL,DXB,DELAYED,18,12286
FL747046,AC006,LHR,DXB,DELAYED,13,6350
FL428003,AC021,LHR,SIN,COMPLETED,135,3695
FL827618,AC031,LHR,FRA,COMPLETED,77,8777
FL216522,AC031,FRA,DEL,COMPLETED,98,12542
FL875615,AC037,DXB,FRA,DELAYED,135,6129
FL394159,AC009,LHR,DEL,COMPLETED,80,15577
FL435042,AC008,NRT,SIN,DELAYED,30,4943
FL765716,AC021,FRA,DXB,COMPLETED,131,10422
FL606440,AC013,LHR,NRT,COMPLETED,19,8027
FL892595,AC030,DXB,DEL,DELAYED,69,9067
FL220525,AC009,FRA,LHR,COMPLETED,57,5844
FL333626,AC029,SIN,DEL,COMPLETED,10,12361
FL267585,AC027,SIN,DXB,CANCELLED,79,17524
FL306420,AC014,DEL,SIN,DELAYED,86,12444
FL206166,AC006,FRA,DXB,CANCELLED,163,7750
FL890155,AC040,SIN,LHR,COMPLETED,74,4200
FL277541,AC021,FRA,LHR,COMPLETED,166,10723
FL124935,AC005,DXB,SIN,DELAYED,76,13405
FL181933,AC010,LHR,SIN,COMPLETED,173,14162
FL455835,AC025,DXB,LHR,CANCELLED,138,6855
FL285798,AC023,NRT,FRA,COMPLETED,120,16262
FL253305,AC005,DEL,NRT,COMPLETED,138,16788
FL419608,AC026,SIN,NRT,CANCELLED,109,3322
FL333304,AC021,SIN,DEL,CANCELLED,13,3289
FL963650,AC003,LHR,DEL,COMPLETED,98,8352
FL836109,AC024,SIN,LHR,DELAYED,43,6367
FL891728,AC018,FRA,DXB,COMPLETED,43,5444
FL743002,AC026,NRT,SIN,COMPLETED,8,11510
FL347329,AC038,FRA,DXB,DELAYED,128,16156
FL986084,AC018,DXB,DEL,COMPLETED,151,14760
FL747046,AC001,NRT,LHR,COMPLETED,32,5340
FL426474,AC029,SIN,DXB,COMPLETED,143,16683
FL423084,AC016,SIN,LHR,COMPLETED,169,8733
FL750912,AC006,FRA,SIN,COMPLETED,162,6116
FL190963,AC039,DXB,FRA,CANCELLED,118,3743
FL762966,AC013,NRT,LHR,COMPLETED,48,14312
FL786459,AC036,LHR,DXB,COMPLETED,63,10334
FL107522,AC024,DXB,LHR,CANCELLED,80,11094
FL869690,AC034,LHR,DEL,COMPLETED,29,14181
FL525707,AC036,DXB,NRT,COMPLETED,29,5381
FL948488,AC022,DXB,FRA,CANCELLED,47,16063
FL576198,AC022,LHR,SIN,DELAYED,9,14916
FL108439,AC031,DXB,DEL,CANCELLED,145,3785
FL589787,AC035,LHR,DXB,COMPLETED,57,5157
FL409150,AC027,SIN,DXB,COMPLETED,57,9901
FL225238,AC036,DEL,SIN,DELAYED,11,7750
FL193433,AC007,LHR,DXB,COMPLETED,70,14234
FL436881,AC009,DXB,SIN,COMPLETED,38,17660
FL607753,AC005,LHR,NRT,COMPLETED,102,10325
FL122084,AC023,NRT,DXB,COMPLETED,93,12209
FL665688,AC006,FRA,NRT,COMPLETED,147,15628
FL716318,AC013,FRA,DXB,DELAYED,152,15042
FL200312,AC002,LHR,DEL,CANCELLED,57,4408
FL507668,AC029,SIN,LHR,COMPLETED,12,4953
FL503536,AC026,FRA,LHR,COMPLETED,77,17830
FL636064,AC018,LHR,FRA,COMPLETED,61,11179
FL588866,AC028,FRA,NRT,COMPLETED,116,14594
FL403162,AC028,NRT,DEL,DELAYED,32,6132
FL538703,AC025,SIN,NRT,CANCELLED,179,9206
FL359474,AC003,DXB,LHR,CANCELLED,112,8475
FL206068,AC018,NRT,LHR,COMPLETED,84,7622
FL328462,AC032,LHR,NRT,DELAYED,162,6076
FL542561,AC030,SIN,NRT,DELAYED,171,9376
FL513610,AC013,DEL,SIN,COMPLETED,24,12154
FL321339,AC006,DEL,FRA,DELAYED,25,10805
FL425749,AC035,DXB,DEL,COMPLETED,1,13930
FL327428,AC020,FRA,DEL,COMPLETED,46,4691
FL122495,AC027,NRT,FRA,COMPLETED,119,11225
FL955600,AC019,SIN,NRT,DELAYED,165,15096
FL893026,AC006,LHR,DXB,COMPLETED,122,8754
FL492089,AC006,DXB,LHR,DELAYED,89,13304
FL216781,AC021,NRT,LHR,COMPLETED,112,8079
FL976743,AC032,DXB,NRT,COMPLETED,10,3848
FL507807,AC006,DXB,DEL,DELAYED,99,6041
FL538804,AC029,FRA,LHR,DELAYED,114,13756
FL176063,AC028,LHR,FRA,COMPLETED,96,12724
FL385512,AC031,DXB,DEL,COMPLETED,139,12299
FL132738,AC007,FRA,NRT,COMPLETED,158,16786
FL693533,AC039,DXB,NRT,COMPLETED,176,16527
FL268597,AC030,SIN,FRA,COMPLETED,34,7979
FL147158,AC023,NRT,FRA,COMPLETED,64,10311
FL131580,AC008,FRA,SIN,CANCELLED,127,16259
FL462241,AC036,DXB,LHR,CANCELLED,91,3586
FL364291,AC020,DXB,FRA,COMPLETED,76,3237
FL696750,AC010,SIN,DXB,COMPLETED,108,3766
FL543478,AC031,LHR,DXB,CANCELLED,80,6530
FL148674,AC023,DEL,NRT,CANCELLED,74,10719
FL961872,AC004,FRA,LHR,COMPLETED,22,14872
FL364993,AC016,LHR,SIN,COMPLETED,153,13951
FL211288,AC037,LHR,NRT,CANCELLED,101,5759
FL401335,AC009,LHR,NRT,DELAYED,145,5989
FL573933,AC008,NRT,LHR,COMPLETED,141,17586
FL454520,AC033,NRT,LHR,COMPLETED,67,12387
FL828606,AC009,FRA,NRT,COMPLETED,82,5091
FL126594,AC009,DXB,NRT,COMPLETED,160,7210
FL559691,AC015,SIN,DEL,CANCELLED,108,16345
FL317771,AC003,SIN,DXB,COMPLETED,141,4457
FL670941,AC029,DXB,DEL,COMPLETED,49,12823
FL205379,AC040,SIN,LHR,CANCELLED,180,10134
FL218271,AC012,DEL,SIN,CANCELLED,14,6863
FL638133,AC021,DXB,SIN,COMPLETED,115,9001
FL291077,AC013,DEL,SIN,COMPLETED,179,13008
FL573423,AC032,NRT,LHR,COMPLETED,78,11301
FL137944,AC035,LHR,FRA,COMPLETED,177,4209
FL241013,AC001,FRA,DEL,COMPLETED,51,5187
FL162733,AC003,FRA,NRT,DELAYED,110,9139
FL347589,AC018,LHR,DEL,DELAYED,127,15791
FL973425,AC028,DXB,FRA,COMPLETED,165,15882
FL468529,AC012,DEL,NRT,COMPLETED,63,6301
FL680171,AC005,LHR,DEL,CANCELLED,24,7305
FL947679,AC020,DXB,LHR,COMPLETED,4,3523
FL757067,AC006,DXB,DEL,DELAYED,12,14388
FL977848,AC025,LHR,DEL,DELAYED,2,13608
FL840255,AC021,SIN,FRA,DELAYED,38,11964
FL805009,AC009,SIN,DEL,COMPLETED,12,4466
FL537258,AC017,LHR,SIN,COMPLETED,16,5098
FL362493,AC028,SIN,NRT,DELAYED,146,4464
FL227945,AC013,NRT,FRA,COMPLETED,69,14769
FL317177,AC025,NRT,DXB,COMPLETED,43,15936
FL356079,AC022,NRT,FRA,CANCELLED,165,5237
FL313612,AC031,DEL,LHR,DELAYED,148,5275
FL149415,AC035,SIN,DEL,COMPLETED,43,12322
FL398044,AC019,NRT,FRA,DELAYED,77,5621
FL929902,AC008,SIN,DXB,COMPLETED,58,8198
FL208850,AC031,NRT,LHR,DELAYED,3,15937
FL572319,AC036,DXB,NRT,COMPLETED,144,15403
FL741160,AC037,FRA,LHR,COMPLETED,179,8312
FL478957,AC013,DEL,FRA,COMPLETED,36,4935
FL609966,AC007,DEL,LHR,CANCELLED,177,5294
FL136811,AC036,NRT,SIN,COMPLETED,27,14565
FL543787,AC021,LHR,DXB,COMPLETED,28,4199
FL513200,AC012,NRT,DEL,COMPLETED,140,7350
FL764483,AC019,SIN,FRA,COMPLETED,17,13219
FL914319,AC022,LHR,DEL,CANCELLED,48,7495
FL416536,AC002,FRA,DXB,CANCELLED,56,13448
FL993982,AC038,SIN,FRA,COMPLETED,161,17861
FL125802,AC007,FRA,DEL,COMPLETED,17,16441
FL716497,AC017,LHR,FRA,COMPLETED,148,13737
FL903732,AC009,DEL,SIN,COMPLETED,72,14822
FL460964,AC038,DEL,FRA,COMPLETED,172,17440
FL167971,AC015,SIN,NRT,COMPLETED,144,4703
FL161581,AC038,LHR,SIN,DELAYED,10,7049
FL262317,AC019,LHR,FRA,COMPLETED,0,17986
FL500468,AC013,SIN,DEL,COMPLETED,73,4628
FL596983,AC024,DXB,SIN,CANCELLED,116,3381
FL496406,AC022,DXB,LHR,COMPLETED,37,14140
FL439201,AC004,DEL,FRA,COMPLETED,57,3709
FL852082,AC032,DEL,NRT,COMPLETED,165,4860
FL734248,AC023,NRT,DXB,COMPLETED,25,3213
FL229875,AC007,LHR,DXB,COMPLETED,119,5763
FL969010,AC009,SIN,NRT,COMPLETED,149,16268
FL391236,AC037,SIN,FRA,COMPLETED,95,5318
FL923895,AC037,NRT,DXB,COMPLETED,48,4502
FL823693,AC013,FRA,DEL,COMPLETED,165,14796
FL139330,AC010,LHR,SIN,COMPLETED,161,12200
FL445963,AC008,FRA,LHR,CANCELLED,161,6381
FL906296,AC026,DEL,LHR,COMPLETED,30,6503
FL760793,AC012,SIN,FRA,COMPLETED,91,17613
FL711099,AC027,NRT,LHR,CANCELLED,92,13250
FL543707,AC007,LHR,FRA,COMPLETED,75,6984
FL623060,AC009,DEL,NRT,COMPLETED,119,5101
FL815505,AC021,LHR,SIN,COMPLETED,11,12813
FL138993,AC004,DEL,FRA,DELAYED,54,7745
FL445801,AC024,SIN,FRA,DELAYED,38,13124
FL590915,AC029,SIN,DEL,COMPLETED,113,6208
FL228881,AC038,SIN,DEL,COMPLETED,76,15057
FL706073,AC014,FRA,DEL,COMPLETED,103,7454
FL863395,AC005,DEL,DXB,COMPLETED,9,10713
FL681276,AC022,DEL,DXB,DELAYED,165,3444
FL759390,AC034,NRT,SIN,COMPLETED,159,16954
FL401234,AC004,DXB,LHR,DELAYED,94,7763
FL625480,AC028,DXB,NRT,COMPLETED,86,14956
FL154977,AC030,DXB,DEL,DELAYED,95,4741
FL583014,AC028,NRT,DEL,COMPLETED,96,16392
FL527712,AC022,DEL,SIN,DELAYED,84,4459
FL781390,AC029,DEL,DXB,DELAYED,162,9984
FL474111,AC037,NRT,FRA,COMPLETED,49,11497
FL300482,AC026,SIN,FRA,DELAYED,121,9952
FL399296,AC034,SIN,FRA,DELAYED,34,16411
FL907286,AC032,SIN,LHR,COMPLETED,175,6400
FL266933,AC017,FRA,LHR,COMPLETED,54,11054
FL999161,AC010,NRT,FRA,COMPLETED,173,4232
FL428454,AC016,DEL,LHR,CANCELLED,162,10960
FL370125,AC005,DEL,SIN,DELAYED,159,4936
FL654777,AC035,FRA,SIN,COMPLETED,95,8526
FL448876,AC011,NRT,DXB,CANCELLED,48,12909
FL247387,AC022,FRA,DXB,DELAYED,96,13212
FL205411,AC014,DEL,FRA,COMPLETED,169,4140
FL576969,AC029,FRA,DEL,DELAYED,124,17039
FL269159,AC023,DXB,DEL,COMPLETED,23,7426
FL345719,AC017,NRT,LHR,COMPLETED,71,16611
FL702667,AC014,NRT,FRA,CANCELLED,172,16825
FL500613,AC040,SIN,NRT,CANCELLED,86,7195
FL440259,AC027,DXB,DEL,COMPLETED,71,12023
FL379888,AC038,SIN,FRA,COMPLETED,163,5358
FL507093,AC009,DXB,NRT,CANCELLED,25,9758
FL498435,AC012,SIN,FRA,CANCELLED,97,7912
FL578237,AC038,NRT,SIN,COMPLETED,19,6355
FL689895,AC024,DXB,NRT,COMPLETED,63,9359
FL880560,AC035,LHR,DXB,COMPLETED,116,14587
FL223648,AC035,DEL,LHR,COMPLETED,118,6922
FL636135,AC023,FRA,LHR,COMPLETED,91,5423
FL809965,AC025,NRT,FRA,COMPLETED,129,12024
FL793666,AC006,DXB,DEL,COMPLETED,68,4228
FL126781,AC040,LHR,DEL,COMPLETED,3,8373
FL145132,AC010,SIN,FRA,COMPLETED,119,8339
FL729863,AC008,SIN,NRT,DELAYED,62,3466
FL112115,AC037,DXB,SIN,COMPLETED,143,3202
FL892095,AC020,DEL,SIN,COMPLETED,72,7837
FL120309,AC019,NRT,FRA,COMPLETED,124,17692
FL516899,AC006,FRA,LHR,COMPLETED,116,16374
FL390434,AC033,DXB,DEL,CANCELLED,92,7049
FL260087,AC007,SIN,DXB,COMPLETED,87,7968
FL189063,AC020,DEL,NRT,DELAYED,24,10694
FL387075,AC019,DEL,SIN,COMPLETED,85,11707
FL274602,AC038,DXB,DEL,COMPLETED,174,3643
FL723934,AC018,LHR,FRA,COMPLETED,161,3239
FL430274,AC005,NRT,DEL,DELAYED,27,14258
FL585793,AC022,LHR,FRA,CANCELLED,163,14148
FL494037,AC037,NRT,SIN,CANCELLED,66,3821
FL886479,AC012,LHR,DEL,CANCELLED,106,12081
FL643399,AC017,DEL,NRT,COMPLETED,95,12931
FL338805,AC028,FRA,NRT,COMPLETED,11,10637
FL612646,AC018,FRA,DEL,CANCELLED,149,8594
FL394185,AC006,DEL,NRT,COMPLETED,105,8341
FL672539,AC039,FRA,LHR,COMPLETED,78,14033
FL624067,AC026,DEL,FRA,COMPLETED,50,16061
FL248379,AC017,FRA,DEL,DELAYED,118,11555
FL976477,AC021,DXB,FRA,COMPLETED,42,13064
FL525935,AC026,DXB,SIN,COMPLETED,166,13198
FL163014,AC035,LHR,DEL,COMPLETED,167,16430
FL878387,AC008,SIN,FRA,COMPLETED,21,14257
FL895579,AC012,SIN,DEL,COMPLETED,119,7431
FL133192,AC016,FRA,NRT,CANCELLED,54,5956
FL625059,AC032,DEL,LHR,CANCELLED,58,7353
FL874254,AC008,FRA,DEL,DELAYED,44,11175
FL271975,AC006,FRA,DXB,COMPLETED,66,15821
FL967570,AC015,NRT,DXB,CANCELLED,132,14281
FL539618,AC040,LHR,NRT,CANCELLED,120,3579
FL236849,AC016,NRT,LHR,COMPLETED,122,3606
FL388145,AC024,LHR,SIN,COMPLETED,5,11736
FL102878,AC006,FRA,NRT,COMPLETED,126,6744
FL341879,AC040,DXB,FRA,DELAYED,147,5025
FL983981,AC008,DXB,DEL,COMPLETED,10,15429
FL608100,AC039,DEL,NRT,COMPLETED,67,16745
FL795726,AC032,DEL,FRA,COMPLETED,106,12001
FL767044,AC013,DEL,SIN,CANCELLED,179,12010
FL366892,AC023,DEL,FRA,DELAYED,172,5866
FL438079,AC014,DEL,SIN,COMPLETED,77,4078
FL476584,AC034,LHR,NRT,DELAYED,159,5766
FL319777,AC035,NRT,SIN,COMPLETED,20,5773
FL714456,AC005,DXB,LHR,COMPLETED,45,9974
FL189346,AC012,LHR,DEL,COMPLETED,125,10777
FL206504,AC018,SIN,LHR,COMPLETED,43,14487
FL855709,AC012,FRA,DXB,COMPLETED,125,13236
FL336257,AC004,FRA,DEL,COMPLETED,99,5878
FL905219,AC006,FRA,SIN,COMPLETED,87,16281
FL127070,AC021,SIN,FRA,COMPLETED,137,3481
FL305886,AC010,NRT,DXB,DELAYED,47,14353
FL103301,AC018,SIN,LHR,COMPLETED,80,7250
FL255887,AC015,NRT,SIN,COMPLETED,82,7092
FL837242,AC007,DXB,DEL,COMPLETED,77,13581
FL322979,AC007,DXB,FRA,COMPLETED,41,14274
FL302377,AC006,SIN,LHR,COMPLETED,167,6077
FL640257,AC034,DXB,NRT,DELAYED,56,11002
FL151783,AC031,SIN,FRA,COMPLETED,21,5863
FL275655,AC012,FRA,DXB,DELAYED,129,7690
FL933323,AC038,FRA,DEL,COMPLETED,168,6458
FL268618,AC002,SIN,LHR,COMPLETED,58,12518
FL113231,AC003,DXB,SIN,CANCELLED,139,8588
FL716751,AC021,NRT,SIN,COMPLETED,11,15779
FL664505,AC035,SIN,DXB,DELAYED,160,6877
FL944093,AC039,FRA,DEL,CANCELLED,79,4627
FL287756,AC028,SIN,DEL,DELAYED,3,10281
FL507162,AC028,SIN,NRT,DELAYED,65,9446
FL694253,AC004,SIN,FRA,CANCELLED,178,9761
FL140036,AC006,LHR,FRA,COMPLETED,68,17691
FL154471,AC006,FRA,SIN,COMPLETED,105,9051
FL188742,AC018,DXB,LHR,CANCELLED,180,11123
FL926796,AC013,SIN,DXB,COMPLETED,98,15297
FL225614,AC007,LHR,SIN,CANCELLED,30,15380
FL132064,AC022,DEL,NRT,COMPLETED,43,4405
FL213234,AC015,DXB,DEL,COMPLETED,66,8767
FL861487,AC017,FRA,SIN,COMPLETED,147,15332
FL665073,AC039,NRT,LHR,COMPLETED,17,10124
FL110889,AC019,LHR,DXB,DELAYED,141,9503
FL722349,AC040,SIN,DXB,DELAYED,179,11353
FL761534,AC019,SIN,LHR,COMPLETED,60,10945
FL963339,AC001,SIN,DEL,COMPLETED,97,5515
FL881489,AC001,DEL,DXB,CANCELLED,27,8084
FL987756,AC007,DXB,NRT,COMPLETED,14,4160
FL502524,AC031,FRA,DXB,DELAYED,164,14926
FL684341,AC016,DXB,NRT,COMPLETED,116,13401
FL917327,AC026,NRT,SIN,CANCELLED,14,10716
FL423693,AC026,NRT,DEL,DELAYED,40,3378
FL375146,AC032,LHR,NRT,CANCELLED,31,13911
FL632222,AC025,SIN,LHR,DELAYED,89,7552
FL777533,AC031,LHR,NRT,COMPLETED,127,10187
FL630812,AC025,DXB,SIN,COMPLETED,143,4992
FL698000,AC002,DXB,NRT,DELAYED,56,8718
FL343319,AC005,NRT,FRA,COMPLETED,95,17525
FL393997,AC020,SIN,LHR,COMPLETED,50,6322
FL862746,AC012,FRA,SIN,DELAYED,7,7017
FL996081,AC004,SIN,FRA,COMPLETED,30,16670
